"index","name","path"
0,"ci_2822.jpg","https://s3.ap-south-1.amazonaws.com/raghu-upload/images/5cb4c01d-6fe6-416c-b2a1-1db879977d45.jpg"
1,"ci_2822 (3rd copy).jpg","https://s3.ap-south-1.amazonaws.com/raghu-upload/images/0868784a-628b-4993-bf9f-a5963e6a65d4.jpg"
2,"ci_2822 (4th copy).jpg","https://s3.ap-south-1.amazonaws.com/raghu-upload/images/14961f97-992a-4034-b731-25b9510931a7.jpg"
3,"ci_2822 (5th copy).jpg","https://s3.ap-south-1.amazonaws.com/raghu-upload/images/736c4ee0-fac7-42a0-8164-d59dffe8ea62.jpg"
4,"ci_2822 (6th copy).jpg","https://s3.ap-south-1.amazonaws.com/raghu-upload/images/6a0203b7-7b5c-496f-bbbc-06de1127d6bc.jpg"
5,"ci_2822 (7th copy).jpg","https://s3.ap-south-1.amazonaws.com/raghu-upload/images/cfe84160-9269-4f18-8349-3439cd23a655.jpg"
6,"ci_2822 (10th copy).jpg","https://s3.ap-south-1.amazonaws.com/raghu-upload/images/ba6177d7-02a3-4fc8-9820-f7856737661f.jpg"
7,"ci_2822 (12th copy).jpg","https://s3.ap-south-1.amazonaws.com/raghu-upload/images/076bea51-3a2f-45e9-b895-c51c1f96c3c6.jpg"
8,"ci_2822 (13th copy).jpg","https://s3.ap-south-1.amazonaws.com/raghu-upload/images/976cda71-3f19-491e-a5b7-5107d670d18e.jpg"
9,"ci_2822 (8th copy).jpg","https://s3.ap-south-1.amazonaws.com/raghu-upload/images/2c11b8c8-6a6f-4da1-a25e-542688cec61c.jpg"
10,"ci_2822 (9th copy).jpg","https://s3.ap-south-1.amazonaws.com/raghu-upload/images/afd4cb3d-59fb-46dd-80e6-eda5193561d0.jpg"
11,"ci_2822 (11th copy).jpg","https://s3.ap-south-1.amazonaws.com/raghu-upload/images/ce3567ab-7cdf-458f-b173-851ef8ceaf2d.jpg"
12,"ci_2822 (15th copy).jpg","https://s3.ap-south-1.amazonaws.com/raghu-upload/images/931fdbfb-55da-48a6-be90-1b37c14d54b0.jpg"
13,"ci_2822 (14th copy).jpg","https://s3.ap-south-1.amazonaws.com/raghu-upload/images/dba6894f-c370-411a-8eb1-5cbe5ef6da20.jpg"
14,"ci_2822 (16th copy).jpg","https://s3.ap-south-1.amazonaws.com/raghu-upload/images/15f99c2f-1502-4511-b68d-6b74952dbdc2.jpg"
15,"ci_2822 (19th copy).jpg","https://s3.ap-south-1.amazonaws.com/raghu-upload/images/da2c6b47-72b3-442a-b315-67e60a9538b4.jpg"
16,"ci_2822 (17th copy).jpg","https://s3.ap-south-1.amazonaws.com/raghu-upload/images/5e4a47b9-aa3a-41fa-aeb3-ce8178aa80f0.jpg"
17,"ci_2822 (18th copy).jpg","https://s3.ap-south-1.amazonaws.com/raghu-upload/images/dd18635e-6119-4372-aad8-77e75cc08e34.jpg"
18,"ci_2822 (20th copy).jpg","https://s3.ap-south-1.amazonaws.com/raghu-upload/images/010f3072-fa45-4ff1-a3ec-ae99411933f1.jpg"
19,"ci_2822 (21st copy).jpg","https://s3.ap-south-1.amazonaws.com/raghu-upload/images/8a5bd1fd-68db-4570-bb01-30552df4eca4.jpg"
20,"ci_2822 (22nd copy).jpg","https://s3.ap-south-1.amazonaws.com/raghu-upload/images/80da1d64-adff-428c-b844-cc2bdf376137.jpg"
21,"ci_2822 (23rd copy).jpg","https://s3.ap-south-1.amazonaws.com/raghu-upload/images/7c5decf5-ea1d-4a9d-a1df-39dc87b45c57.jpg"
22,"ci_2822 (25th copy).jpg","https://s3.ap-south-1.amazonaws.com/raghu-upload/images/05642fc4-ed95-45fe-a9c6-d68560e218fe.jpg"
23,"ci_2822 (24th copy).jpg","https://s3.ap-south-1.amazonaws.com/raghu-upload/images/4e1de02b-92cf-4c32-b491-78ba6878e7d1.jpg"
24,"ci_2822 (26th copy).jpg","https://s3.ap-south-1.amazonaws.com/raghu-upload/images/239c8629-9770-44c4-be95-d4f5ddd9fe99.jpg"
25,"ci_2822 (27th copy).jpg","https://s3.ap-south-1.amazonaws.com/raghu-upload/images/24204457-e00c-43bd-8711-1d4e9b6e3775.jpg"
26,"ci_2822 (29th copy).jpg","https://s3.ap-south-1.amazonaws.com/raghu-upload/images/8f9fbe5b-a1ca-43fc-a7cb-c91a0cc3cb81.jpg"
27,"ci_2822 (28th copy).jpg","https://s3.ap-south-1.amazonaws.com/raghu-upload/images/bf02696c-7b9f-47fc-93ff-7d95f67853c6.jpg"
28,"ci_2822 (30th copy).jpg","https://s3.ap-south-1.amazonaws.com/raghu-upload/images/709cf056-d928-4444-8eeb-002f9de58700.jpg"
29,"ci_2822 (31st copy).jpg","https://s3.ap-south-1.amazonaws.com/raghu-upload/images/151836cf-a07d-4b5b-9b88-8587af60db20.jpg"
30,"ci_2822 (32nd copy).jpg","https://s3.ap-south-1.amazonaws.com/raghu-upload/images/314c7170-80d9-47b6-9974-eb8f9a1c0b91.jpg"
31,"ci_2822 (33rd copy).jpg","https://s3.ap-south-1.amazonaws.com/raghu-upload/images/e160c7a2-1858-4285-82ac-923aadfb8112.jpg"
32,"ci_2822 (34th copy).jpg","https://s3.ap-south-1.amazonaws.com/raghu-upload/images/7cd13e0d-a836-4a9b-bcc2-3621efb9ac66.jpg"
33,"ci_2822 (35th copy).jpg","https://s3.ap-south-1.amazonaws.com/raghu-upload/images/daea5221-37f9-4432-a62c-c045d570f1ae.jpg"
34,"ci_2822 (36th copy).jpg","https://s3.ap-south-1.amazonaws.com/raghu-upload/images/99be46cf-dfd2-485f-b847-e1caa4d8ef48.jpg"
35,"ci_2822 (37th copy).jpg","https://s3.ap-south-1.amazonaws.com/raghu-upload/images/aae983f6-5043-4085-8ae9-abc8be515d2c.jpg"
36,"ci_2822 (38th copy).jpg","https://s3.ap-south-1.amazonaws.com/raghu-upload/images/5de101f4-bbab-4026-9dde-1ef77d80e77e.jpg"
37,"ci_2822 (39th copy).jpg","https://s3.ap-south-1.amazonaws.com/raghu-upload/images/f39e8bba-8b6d-4e88-bbf5-d53bcac88e94.jpg"
38,"ci_2822 (41st copy).jpg","https://s3.ap-south-1.amazonaws.com/raghu-upload/images/1668b465-319b-4742-bda2-db6462cc749e.jpg"
39,"ci_2822 (40th copy).jpg","https://s3.ap-south-1.amazonaws.com/raghu-upload/images/8f2141ce-eab2-4175-87bd-43e06211e94e.jpg"
40,"ci_2822 (42nd copy).jpg","https://s3.ap-south-1.amazonaws.com/raghu-upload/images/6baa978d-f91d-4c25-8330-0215a176fec2.jpg"
41,"ci_2822 (43rd copy).jpg","https://s3.ap-south-1.amazonaws.com/raghu-upload/images/26fc0ff3-0903-48a1-ade7-e6cbfdcc75e2.jpg"
42,"ci_2822 (45th copy).jpg","https://s3.ap-south-1.amazonaws.com/raghu-upload/images/52b9949a-62cf-4dfb-b0ad-9f8540094de4.jpg"
43,"ci_2822 (44th copy).jpg","https://s3.ap-south-1.amazonaws.com/raghu-upload/images/ef69cecf-4ab1-409d-9bad-b14b63956a8b.jpg"
44,"ci_2822 (47th copy).jpg","https://s3.ap-south-1.amazonaws.com/raghu-upload/images/7d0316f5-8f71-4c0d-af08-b7712767274d.jpg"
45,"ci_2822 (46th copy).jpg","https://s3.ap-south-1.amazonaws.com/raghu-upload/images/718b9cc8-acf0-4010-bc2a-00e481321dc5.jpg"
46,"ci_2822 (49th copy).jpg","https://s3.ap-south-1.amazonaws.com/raghu-upload/images/7273d978-e101-4317-970a-5f28e71bac3e.jpg"
47,"ci_2822 (48th copy).jpg","https://s3.ap-south-1.amazonaws.com/raghu-upload/images/180e3f52-bb19-478f-9b23-f627a4f56795.jpg"
48,"ci_2822 (51st copy).jpg","https://s3.ap-south-1.amazonaws.com/raghu-upload/images/e00e5244-3c8a-45fd-ace1-0a50a2aaf32a.jpg"
49,"ci_2822 (52nd copy).jpg","https://s3.ap-south-1.amazonaws.com/raghu-upload/images/5273723d-98f5-474a-aece-706e3286fcd1.jpg"
50,"ci_2822 (50th copy).jpg","https://s3.ap-south-1.amazonaws.com/raghu-upload/images/7ec105f5-0b51-40c2-ab59-da76cfc367d3.jpg"
51,"ci_2822 (53rd copy).jpg","https://s3.ap-south-1.amazonaws.com/raghu-upload/images/d77c55f8-763b-4448-aa60-ff6b7caf33be.jpg"
52,"ci_2822 (another copy).jpg","https://s3.ap-south-1.amazonaws.com/raghu-upload/images/3c9f76a3-c324-4321-8144-690d3192b4ee.jpg"
53,"ci_2822 (copy).jpg","https://s3.ap-south-1.amazonaws.com/raghu-upload/images/ff3796ff-9602-4dac-a42c-e0af88831c2d.jpg"